0x78a0eab68b771e0cac4c24602d8f4f7bc156f168,
0x262d7173171dedaed0627e6913acf31e2e37886d,
0x09cd2b298dfbca453ba071fc96580e7c3387a597,
0x98954e9684e1b74c5bab72b3e5357c2d776887b5,
0x3b4c72cca166e9c19f0ca02e93062baa75a42aea,
0xc40357a1dc1b37776449032bcdd58622c6e996f7,
0xdc3ac7c1081f201e08dd92e0cdf49c0d742d1a85,
0xa2560512de46a04a513b71fc24d4c741d25809e5,
0xe428136856d34976afaa4207305c27a14983b4ab,
0x2a72a3b4368cad6fcb6a4ec9dd8ccdc6ae92746c,
0xcfebb0b2b1902f5f6da28d3903f5fe8da18a05a9,
0x727250c21f79d7bf38f954b394146098efc4dd7f,
0xcd222f8d4515efe22ac9b8d8b8ff1de614cf090e,
0x84a40ea69220c8df58e11bfe5539caf60b5c389b,
0x00f636055be0d3a169020700a4dd26663cf80c07,
0x4e686901aa94c6a1e30cdf158f370e749dc7efa4,
0x7bbf1596815c230cc281b9ab0f509946faaf0442,
0x3305f2fe7af35d624a353ade5320e27453d54570,
0xcf0789fec9968d29782b1eedb52a45d161c77fe3,
0x14dcbdd0d750d938e311c65a1536424d6f51f689,
